text,label
password parcel now please again and now parcel parcel still,3
cannot address and carrier still dispatch for is,3
and charged today today with for price now transaction bill renew cannot,0
please access address cannot name name thanks a need,2
my the now a arrive hi arrive help parcel please parcel tracking,3
bug glitch broken a need the broken tracking today now cannot hi freeze,1
update hi 2fa for my again account is need 2fa and,2
cannot package carrier to the damaged cannot delivery help,3
invoice charge bill is help to again subscription refund again arrive need lost today,0
help settings profile need today account with account hi need email a,2
help is need need really permissions username my with locked profile password,2
for for now late tracking the reset update blank timeout,1
invoice is card help thanks pay help,0
crash with glitch screen help broken cannot and sync,1
with password thanks update permissions help thanks address still a,2
courier package and with box now damaged today,3
the cost invoice need refund invoice the is receipt cannot,0
really cannot box eta and eta need to with,3
my deactivate access a is profile need login settings,2
the name now need broken today really screen error error,1
and 2fa for still update account permissions cannot,2
reset today my glitch fails blank still update is,1
payment 500 the subscription the renew screen a now,0
password hi thanks need with verify stuck reset locked hi help thanks,2
the today now blank password today 500 please,1
my to help damaged late damaged still,3
card need for cannot really still now charge price,0
settings account update phone cannot access please now thanks today,2
please return now cannot order and hi and courier carrier shipment,3
overcharged refund thanks transaction and need cannot the now,0
preferences need with name screen 500 my for verify address email,2
now with late return package today for need order still,3
address need dispatch today account arrive please eta really,3
email is today discount access today for thanks settings please phone thanks login,2
discount help help refund payment for again subscription a coupon with really,0
error fails a cannot a please a password now broken,1
now a please now now dispatch courier today carrier,3
a again to carrier is carrier thanks tracking,3
update warehouse again glitch with for cannot the order password screen again reset,1
really my help renew charged card coupon thanks need really,0
shipment really package thanks really a carrier the a,3
for error thanks screen parcel blank freeze glitch for the,1
order now and to delayed really tracking box,3
help billed plan refund access hi overcharged the billed hi,0
delivery help lost reset a my box warehouse to my still my,3
and late damaged really again need a dispatch the warehouse arrive,3
still still payment invoice today the a again locked fee cannot,0
glitch glitch version and fails thanks with hi my,1
help please renew pay and plan my and bill my to,0
for timeout parcel a courier package lost is is to still,3
really shipment is and damaged the warehouse discount help tracking again shipment,3
again card thanks overcharged need really pay need card now help bill,0
help a today address really 2fa with username for glitch again,2
today glitch coupon receipt fails hi cannot card need thanks card need,0
please please name deactivate for today update,2
login transaction update a help today permissions to hi a payment help,2
the to my the my delivery again delivery late today late,3
thanks billed again billed discount thanks still my help hi subscription,0
charge broken subscription a still the renew pay is discount,0
hi login help thanks phone for a username account with,2
please password with blank please today thanks deactivate crash crash hi,1
sync crash hi phone verify my today the is version hi,1
again help hi charge plan the discount payment help discount,0
cannot still preferences coupon please 2fa to need need 2fa access login help,2
hi need delivery login damaged my delivery a thanks lost,3
is really for hi again address thanks permissions name deactivate,2
for reset address broken address cannot address to with,2
login really please really cannot error and and password,1
with glitch password password really now login is thanks again thanks,1
cannot courier now delivery courier with now permissions,3
permissions is need plan my username again billed preferences 2fa,2
settings phone phone really and access thanks permissions really,2
the still today card charged really price,0
my billed plan locked help price really now card price,0
with to login need loading fails today,1
and to fee is with invoice cost my name,0
hi thanks please dispatch late with package is today delayed tracking,3
charge cannot blank discount my please billed my really please overcharged,0
login locked help cannot settings with to password is deactivate still,2
a today return again shipment cannot really parcel is,3
the help for blank the today screen fails freeze again reset,1
really refund receipt price the thanks coupon to with coupon,0
login error my need charged the cannot card pay need my my,0
username permissions please email is 2fa please hi is hi with,2
bill and renew again bill my please,0
today lost eta address please arrive warehouse thanks cannot,3
now reset the again sync is to my help fails,1
eta error is a thanks today the loading screen shipment blank,1
again again again please today please card bill fee,0
is glitch for the please install today thanks update 500,1
my charge fee need payment price with really discount,0
update help to still install now reset overcharged hi with,1
to to invoice bill plan with overcharged billed is cannot now,0
again please hi price receipt card pay again coupon my,0
phone access reset a my please my the,2
crash for reset deactivate username today my hi the now profile verify bug,2
cannot reset need to 500 password login error blank cannot,1
again a today delivery eta address again the carrier is,3
cannot please fails version 500 verify still update hi need please thanks,1
damaged tracking lost to shipment and the with today eta,3
charge discount again thanks thanks with receipt,0
and need thanks update my profile preferences,2
eta delayed now reset courier cannot really hi my help really parcel,3
lost package account delayed dispatch is still phone parcel for with a with please,3
to still screen for need login screen update stuck to is is,1
need still loading and help crash loading with please update the broken,1
locked settings need username the is and thanks really phone,2
damaged please courier for please cannot the my box parcel,3
preferences thanks and email my reset need loading settings blank,2
really address hi for subscription need card box late tracking arrive,3
dispatch with the again payment hi tracking is package for carrier,3
login with the stuck again help really timeout for and,1
access today hi my subscription account to phone update again to username today,2
now transaction the billed subscription cannot renew to renew,0
install account settings now preferences today a still a really need,2
need to courier help damaged help hi and damaged really delayed arrive,3
access the locked email password again my locked thanks need again,2
delayed today today today now for delayed please hi return eta,3
loading and thanks update now thanks a install error today 500,1
arrive carrier and cannot 2fa is box box shipment to hi the,3
delivery parcel need my address need thanks and,3
billed bug pay a discount need and need,0
settings cannot access the my is cannot access username access now cannot,2
to 500 cannot a need stuck the for reset glitch update,1
today my please still profile update cost and reset hi,2
reset my profile and access for thanks my account really a email,2
now today install freeze update for 500 the still hi hi,1
now a the to thanks still pay still deactivate password email login,2
sync error blank blank now now carrier a with dispatch help login,1
freeze fails screen again need still screen cannot with a,1
profile with still the hi username hi email cannot settings again,2
a and lost a damaged tracking address now eta please,3
again deactivate with need payment email deactivate name reset help,2
package address still address delivery lost is again help,3
a today order overcharged fee hi payment address coupon cannot,0
delayed invoice box lost to please now order still,3
loading need glitch thanks order again hi 500 timeout bug,1
lost warehouse a again thanks again still hi box still card,3
my really locked update password my verify settings now to the,2
a access reset to hi settings thanks locked for the,2
to for reset is update for loading,1
address lost the courier still to thanks permissions order address,3
subscription return today thanks really pay arrive delayed cannot to a,3
2fa really today locked for address need username my settings to,2
bill pay thanks again thanks my refund transaction today really bill,0
pay today really still discount and invoice card,0
my the need thanks cannot preferences for deactivate password need,2
my need refund really card billed cannot the renew,0
now with lost arrive 2fa package phone my and,3
help carrier the really lost to to really eta order,3
today 2fa reset update account email a need cannot thanks with,2
help still subscription billed my today billed is hi need,0
email really account 2fa my still still,2
with the cost login username to please update,2
need is charge update and login again is broken fails install please,1
with password sync password help help thanks,1
crash today password please crash thanks 500 with,1
really settings plan plan card cannot for today help,0
again screen subscription payment need now password subscription hi,0
really please address profile a preferences now,2
account card today preferences a refund with renew now,0
still name verify and update still need,2
login please broken is and account permissions install cannot access,2
my transaction to transaction please need thanks please pay overcharged my,0
really today today damaged help please refund charge renew cannot renew cannot coupon,0
help account please email 2fa email still name again,2
shipment delayed cannot address for parcel still arrive today now thanks,3
with the help subscription screen reset version bug blank now,1
my to lost to hi delivery is lost install thanks,3
password 2fa thanks today permissions hi settings help,2
2fa and name my stuck error install hi is hi reset,1
hi sync now reset for pay and my really for discount install,1
thanks today thanks with access sync thanks email again thanks name,2
thanks warehouse courier to late now dispatch for,3
package courier now need for delayed for still hi,3
really with hi reset freeze box please lost for stuck hi,1
password thanks loading error for to really broken version,1
is now address help carrier is dispatch thanks is really,3
bill to cannot a again help renew bill,0
delayed update settings eta the update thanks really profile for for phone,2
stuck login help need again install bug late password delivery to,1
transaction receipt for discount help cannot thanks is billed renew,0
and and really need address username update is help name please,2
today a fails cannot login help cannot the install,1
cost help password with bill plan a still password again,0
the to permissions account phone really order and tracking need 2fa,2
cannot please error bug again login plan for and update help,1
eta damaged again today return delayed courier the my,3
preferences cannot username is the deactivate thanks update for please for,2
cannot name and please deactivate 2fa really hi and settings,2
with subscription coupon please help to charged billed charged still,0
update address cannot access again email email to today for really,2
delayed hi box still and access my parcel hi damaged hi,3
still my install and install sync the for,1
billed for delivery overcharged charged pay plan thanks my hi address,0
my login 2fa today need really again reset login,2
my 2fa a profile today settings with,2
eta late my delayed the arrive cannot tracking today,3
my charge today subscription need help payment please,0
arrive hi the delivery arrive really carrier the really eta is hi,3
box and lost to refund payment with lost return to with courier,3
renew really invoice warehouse delayed return again package box is still,3
my return is the order address now please help need,3
billed price price with my a a invoice subscription,0
loading bug a today and is really today screen,1
cannot address plan today the name today settings payment my hi profile reset,2
now fails and bug with glitch and today,1
really today update discount renew need thanks login still discount transaction,0
the really shipment need today box package and arrive and again,3
a late today late a really and late,3
a hi hi login discount receipt billed with today password,0
broken glitch still for bug is a,1
courier fails please loading for please login stuck again today again,1
my hi version address damaged courier update my my,3
help freeze today 500 bug stuck package with and stuck is return hi need,1
need help permissions the please a today again 2fa profile,2
locked cannot again really settings for really account and deactivate settings,2
still my charged help still please renew price is sync blank to,0
the warehouse cannot today lost today return cannot my courier late,3
is really screen a screen and today stuck stuck install to really,1
still fails bug with still freeze crash is renew now stuck is a,1
please password shipment please package hi hi today hi delivery,3
return now really hi box address charged to,3
lost and fee card need need receipt arrive a refund now to my billed,0
reset deactivate need locked password profile hi with broken and is phone again,2
to for and with verify settings for email really my,2
the cannot is billed price card invoice to plan,0
today with really help update fails screen please,1
hi help really dispatch parcel courier to really fee hi late again,3
update is payment hi plan cannot card reset again please,0
today discount the really charge reset hi broken help with stuck a,1
really package warehouse help address for cannot my a package damaged,3
cannot refund pay still again pay really today,0
to address a username cannot verify phone really,2
really login coupon deactivate is please settings to,2
the delayed my please shipment to is order is,3
freeze today please update bug is really version,1
bill fails really glitch hi version really freeze please the please screen plan help,1
now account verify a the today the thanks my username,2
reset blank help update need the for fails a with,1
deactivate preferences with now still my phone please is really,2
freeze sync blank today today with timeout is timeout,1
address return still still plan hi help package delayed now cost,3
help screen carrier help my install the is cannot broken,1
username courier account cannot today tracking delayed to is warehouse,3
subscription pay hi billed a thanks now is refund thanks again bill,0
again stuck stuck bug now timeout a and reset for,1
really really the please again crash today login fails 500 reset,1
my renew please error thanks billed a thanks billed today invoice hi,0
plan for to please help billed is and renew,0
transaction loading crash charge to a and glitch sync now fails,1
delayed shipment arrive warehouse now return thanks now again hi,3
version for for to timeout crash timeout sync is and a cannot,1
for with address damaged with again is and warehouse now,3
name need lost locked locked now return phone to now my,2
plan is my price subscription with a thanks my again,0
permissions for deactivate please thanks preferences really,2
thanks version again to a update help login really really sync,1
and tracking the a bill help the invoice invoice,0
today password charged my need blank billed billed a,0
courier lost deactivate the damaged verify my and carrier order to,3
bug charge with invoice cannot and today renew a,0
delayed courier need a return lost and the for still,3
lost receipt again my thanks charged to cost dispatch,0
blank need timeout really timeout receipt please please screen blank,1
again blank with screen sync is really crash and for,1
need update the and bug for really broken password,1
please to thanks deactivate thanks verify account please account still 2fa my,2
cannot still verify really address help password cannot name login,2
charged a thanks fee overcharged thanks a need,0
thanks help discount please billed payment my,0
access update deactivate is reset please and hi,2
error timeout crash box help login again again arrive really error,1
and please name login and is with is reset,2
crash damaged install warehouse cannot help help login login cannot thanks and,1
hi and with reset coupon bill fee help really,0
need cannot now is thanks name password update profile and help,2
help a to today parcel for pay dispatch late courier again shipment payment,3
discount cost a help again pay my still to,0
really still really loading please and screen 500,1
cannot now reset broken broken still cannot help,1
for return invoice warehouse a delivery thanks to parcel,3
billed price need subscription the price need subscription again thanks the and,0
500 to with crash thanks crash is reset timeout help,1
with again and the billed pay cannot cost need card for,0
my profile eta reset again still address to update still settings deactivate need,2
hi still receipt fee really to cannot charge is price,0
dispatch reset today package late again please with really today please warehouse,3
box cannot delivery package arrive need lost hi is,3
payment help update cannot freeze help version with now now pay,1
update for reset thanks timeout version price really and 500,1
thanks to profile reset reset help a settings help is still login receipt,2
please a box dispatch arrive package the hi tracking,3
a broken overcharged need charge pay renew fails billed thanks still,0
please today name now today please help permissions verify thanks,2
access is and my really reset cannot phone locked is need,2
hi today bug hi 500 fails cannot profile and cannot hi 2fa login,1
again and charge fee really a card with for card,0
again email my account phone thanks now,2
dispatch invoice still carrier and and need dispatch late warehouse help,3
to preferences reset access cannot my for today,2
update fails charged for need broken timeout thanks a hi,1
the thanks please hi my fee price billed to to,0
glitch crash with help my sync hi reset hi cannot install tracking now delivery,1
with today invoice price today please card really renew today,0
bug now charged sync really and payment a billed refund,0
password bug the is fails today cannot a broken,1
blank really thanks a blank to bug,1
thanks my discount fee 500 the with coupon,0
really timeout timeout to again please help need glitch,1
charged is renew to my receipt refund receipt today,0
help parcel and the with dispatch eta to hi still,3
for coupon coupon hi please return to cost today subscription,0
still a delivery arrive preferences cannot help is shipment parcel and,3
username my hi settings password still profile profile for,2
overcharged late with need charged really card thanks still to,0
tracking password need my lost hi need courier again need,3
receipt today error with price really thanks really crash hi pay,0
is eta carrier for a warehouse need again with,3
timeout version to now a the freeze please,1
